[
  {
    "_id": {
      "$oid": "6543f455b64f222e6d8743c7"
    },
    "nome": "cliente 01",
    "email": "cliente01@gmail.com",
    "telefone": "51999998888",
    "localizacao": {
      "type": "Point",
      "coordinates": [
        -23.55799,
        -46.636994
      ]
    },
    "referencia": "6543f455b64f222e6d8743c7"
  },
  {
    "_id": {
      "$oid": "6543f482b64f222e6d8743c9"
    },
    "nome": "cliente 02",
    "email": "cliente02@gmail.com",
    "telefone": "51877776666",
    "localizacao": {
      "type": "Point",
      "coordinates": [
        -22.55799,
        -45.636994
      ]
    },
    "referencia": "6543f482b64f222e6d8743c9"
  },
  {
    "_id": {
      "$oid": "6543f494b64f222e6d8743cb"
    },
    "nome": "cliente 03",
    "email": "cliente03@gmail.com",
    "telefone": "51766665555",
    "localizacao": {
      "type": "Point",
      "coordinates": [
        -23.55799,
        -46.636994
      ]
    },
    "referencia": "6543f494b64f222e6d8743cb"
  }
]